{"loss": 0.003140816232189536, "forward_nfe": 14908, "backward_nfe": 0, "train_acc": 1.0, "val_acc": 0.6875, "test_acc": 0.6862944162436548, "epoch_step": 0, "_timestamp": 1723310267.4453573, "_runtime": 68.42093539237976, "_step": 99, "test_mean": 0.7187817258883249, "val_mean": 0.7242647058823529, "train_mean": 1.0, "_wandb": {"runtime": 62}}