{"loss": 0.015294726006686687, "forward_nfe": 9528, "backward_nfe": 0, "train_acc": 1.0, "val_acc": 0.8, "test_acc": 0.7888324873096447, "epoch_step": 0, "_timestamp": 1723388233.8941197, "_runtime": 259.4321458339691, "_step": 1990, "test_mean": 81.01522842639592, "val_mean": 80.76470588235294, "train_mean": 99.28571428571429, "test_acc_std": 2.0023434439914727, "_wandb": {"runtime": 253}}