{"loss": 0.006817237474024296, "forward_nfe": 4367, "backward_nfe": 0, "train_acc": 1.0, "val_acc": 0.6551470588235294, "test_acc": 0.6649746192893401, "epoch_step": 0, "_timestamp": 1723386221.7803226, "_runtime": 132.14721965789795, "_step": 1990, "test_mean": 77.23857868020303, "val_mean": 77.22794117647058, "train_mean": 96.50000000000001, "test_acc_std": 1.024123469069523, "_wandb": {"runtime": 125}}