{"loss": 0.006173991598188877, "forward_nfe": 1985, "backward_nfe": 0, "train_acc": 1.0, "val_acc": 0.7058823529411765, "test_acc": 0.7441624365482233, "epoch_step": 0, "_timestamp": 1723385026.408343, "_runtime": 88.03928017616272, "_step": 1990, "test_mean": 77.37055837563452, "val_mean": 76.78676470588235, "train_mean": 96.57142857142857, "test_acc_std": 1.8595315844096323, "_wandb": {"runtime": 81}}