{"loss": 0.05598290637135506, "forward_nfe": 2382, "backward_nfe": 0, "train_acc": 1.0, "val_acc": 0.8161764705882353, "test_acc": 0.8243654822335026, "epoch_step": 0, "_timestamp": 1723390248.5722134, "_runtime": 96.07652735710144, "_step": 1990, "test_mean": 81.91878172588834, "val_mean": 82.23529411764707, "train_mean": 100.0, "test_acc_std": 1.561901796127966, "_wandb": {"runtime": 91}}