{"loss": 0.07643454521894455, "forward_nfe": 3573, "backward_nfe": 0, "train_acc": 1.0, "val_acc": 0.7455882352941177, "test_acc": 0.7624365482233503, "epoch_step": 0, "_timestamp": 1723389227.3501859, "_runtime": 225.98459696769714, "_step": 1990, "test_mean": 81.66497461928934, "val_mean": 81.99264705882354, "train_mean": 99.28571428571429, "test_acc_std": 0.9782082818636267, "_wandb": {"runtime": 219}}