{"loss": 0.10439804941415787, "forward_nfe": 2382, "backward_nfe": 0, "train_acc": 1.0, "val_acc": 0.7860294117647059, "test_acc": 0.7878172588832487, "epoch_step": 0, "_timestamp": 1723397958.023313, "_runtime": 144.79705595970154, "_step": 1990, "test_mean": 80.40609137055839, "val_mean": 81.58088235294116, "train_mean": 99.78571428571428, "test_acc_std": 2.040078724913445, "_wandb": {"runtime": 141}}