{"loss": 0.013016989454627037, "forward_nfe": 2779, "backward_nfe": 0, "train_acc": 1.0, "val_acc": 0.7852941176470588, "test_acc": 0.7928934010152284, "epoch_step": 0, "_timestamp": 1723391406.8362172, "_runtime": 203.519602060318, "_step": 1990, "test_mean": 80.34517766497461, "val_mean": 81.33823529411764, "train_mean": 97.57142857142857, "test_acc_std": 1.4200139033426074, "_wandb": {"runtime": 197}}