{"loss": 0.028353523463010788, "forward_nfe": 3176, "backward_nfe": 0, "train_acc": 1.0, "val_acc": 0.7661764705882353, "test_acc": 0.7634517766497462, "epoch_step": 0, "_timestamp": 1723400285.3878064, "_runtime": 199.8803744316101, "_step": 1990, "test_mean": 80.86294416243653, "val_mean": 81.94852941176471, "train_mean": 99.07142857142858, "test_acc_std": 1.1434284801515011, "_wandb": {"runtime": 194}}