{"loss": 1.1156740188598633, "forward_nfe": 2382, "backward_nfe": 0, "train_acc": 0.6, "val_acc": 0.76, "test_acc": 0.6746987951807228, "epoch_step": 0, "_timestamp": 1723399404.7542558, "_runtime": 185.29542469978333, "_step": 1990, "test_mean": 66.144578313253, "val_mean": 81.60000000000001, "train_mean": 60.199999999999996, "test_acc_std": 2.771084337349397, "_wandb": {"runtime": 179}}