{"loss": 0.062136903405189514, "forward_nfe": 7940, "backward_nfe": 0, "train_acc": 1.0, "val_acc": 0.7985294117647059, "test_acc": 0.7969543147208121, "epoch_step": 0, "_timestamp": 1723388696.5026376, "_runtime": 295.12983655929565, "_step": 1990, "test_mean": 80.06091370558377, "val_mean": 80.9264705882353, "train_mean": 99.85714285714286, "test_acc_std": 1.495662689194145, "_wandb": {"runtime": 288}}