{"loss": 0.053655724972486496, "forward_nfe": 9528, "backward_nfe": 0, "train_acc": 1.0, "val_acc": 0.7066176470588236, "test_acc": 0.7218274111675127, "epoch_step": 0, "_timestamp": 1723396804.4544747, "_runtime": 243.63596177101135, "_step": 1990, "test_mean": 81.62436548223349, "val_mean": 81.86029411764706, "train_mean": 99.71428571428571, "test_acc_std": 0.8931702516922938, "_wandb": {"runtime": 238}}