{"loss": 0.07213272154331207, "forward_nfe": 6352, "backward_nfe": 0, "train_acc": 1.0, "val_acc": 0.7897058823529411, "test_acc": 0.7969543147208121, "epoch_step": 0, "_timestamp": 1723388396.6214812, "_runtime": 433.8658821582794, "_step": 1990, "test_mean": 80.32487309644671, "val_mean": 81.18382352941177, "train_mean": 99.85714285714286, "test_acc_std": 1.627408317523968, "_wandb": {"runtime": 428}}