{"loss": 0.020497428253293037, "forward_nfe": 7940, "backward_nfe": 0, "train_acc": 1.0, "val_acc": 0.8213235294117647, "test_acc": 0.7959390862944162, "epoch_step": 0, "_timestamp": 1723400270.6590374, "_runtime": 325.9868173599243, "_step": 1990, "test_mean": 80.84263959390861, "val_mean": 81.97794117647061, "train_mean": 99.35714285714286, "test_acc_std": 0.9738258191366465, "_wandb": {"runtime": 319}}