{"loss": 0.04869268834590912, "forward_nfe": 34936, "backward_nfe": 0, "train_acc": 1.0, "val_acc": 0.8029411764705883, "test_acc": 0.8091370558375635, "epoch_step": 0, "_timestamp": 1723394206.0128024, "_runtime": 1020.3933124542236, "_step": 1990, "test_mean": 81.30964467005074, "val_mean": 82.16176470588235, "train_mean": 99.64285714285715, "test_acc_std": 1.036776400903483, "_wandb": {"runtime": 1014}}