{"loss": 0.047011006623506546, "forward_nfe": 2382, "backward_nfe": 0, "train_acc": 1.0, "val_acc": 0.7125, "test_acc": 0.7319796954314721, "epoch_step": 0, "_timestamp": 1723360829.7763786, "_runtime": 74.23149561882019, "_step": 1990, "test_mean": 80.13197969543148, "val_mean": 81.43382352941177, "train_mean": 99.92857142857143, "test_acc_std": 1.7085121102464622, "_wandb": {"runtime": 70}}