{"loss": 0.0965668335556984, "forward_nfe": 11116, "backward_nfe": 0, "train_acc": 1.0, "val_acc": 0.7772058823529412, "test_acc": 0.8243654822335026, "epoch_step": 0, "_timestamp": 1723395422.399182, "_runtime": 336.16130018234253, "_step": 1990, "test_mean": 81.11675126903552, "val_mean": 81.61029411764706, "train_mean": 99.35714285714286, "test_acc_std": 1.4205944487075555, "_wandb": {"runtime": 330}}