{"loss": 0.08790378272533417, "forward_nfe": 2779, "backward_nfe": 0, "train_acc": 0.9785714285714285, "val_acc": 0.7441176470588236, "test_acc": 0.7340101522842639, "epoch_step": 0, "_timestamp": 1723361189.0297515, "_runtime": 81.81131649017334, "_step": 1990, "test_mean": 80.18274111675126, "val_mean": 81.31617647058823, "train_mean": 99.35714285714286, "test_acc_std": 1.362677095274113, "_wandb": {"runtime": 75}}