{"loss": 0.03489496186375618, "forward_nfe": 20644, "backward_nfe": 0, "train_acc": 0.9928571428571429, "val_acc": 0.8022058823529412, "test_acc": 0.8121827411167513, "epoch_step": 0, "_timestamp": 1723389935.9984186, "_runtime": 552.7204296588898, "_step": 1990, "test_mean": 80.57868020304568, "val_mean": 80.57352941176472, "train_mean": 99.64285714285715, "test_acc_std": 1.018320165362902, "_wandb": {"runtime": 546}}