{"loss": 0.015237370505928993, "forward_nfe": 11116, "backward_nfe": 0, "train_acc": 1.0, "val_acc": 0.7477941176470588, "test_acc": 0.7695431472081218, "epoch_step": 0, "_timestamp": 1723396770.461103, "_runtime": 295.37413597106934, "_step": 1990, "test_mean": 79.55329949238579, "val_mean": 80.30882352941177, "train_mean": 99.64285714285715, "test_acc_std": 2.1817728935087985, "_wandb": {"runtime": 289}}