{"loss": 0.049283307045698166, "forward_nfe": 2779, "backward_nfe": 0, "train_acc": 1.0, "val_acc": 0.7926470588235294, "test_acc": 0.7715736040609137, "epoch_step": 0, "_timestamp": 1723388973.5421731, "_runtime": 241.1672101020813, "_step": 1990, "test_mean": 79.248730964467, "val_mean": 79.875, "train_mean": 99.71428571428571, "test_acc_std": 1.2542899664146605, "_wandb": {"runtime": 234}}