{"loss": 1.0945241451263428, "forward_nfe": 9528, "backward_nfe": 0, "train_acc": 0.5571428571428572, "val_acc": 0.3977941176470588, "test_acc": 0.36548223350253806, "epoch_step": 0, "_timestamp": 1723391962.6331706, "_runtime": 393.32029366493225, "_step": 1990, "test_mean": 80.23350253807105, "val_mean": 80.375, "train_mean": 98.92857142857142, "test_acc_std": 2.1164773587522863, "_wandb": {"runtime": 386}}