{"loss": 0.014427518472075462, "forward_nfe": 1985, "backward_nfe": 0, "train_acc": 1.0, "val_acc": 0.7492647058823529, "test_acc": 0.7888324873096447, "epoch_step": 0, "_timestamp": 1723384616.7180438, "_runtime": 67.18515586853027, "_step": 1990, "test_mean": 81.43147208121826, "val_mean": 81.8014705882353, "train_mean": 99.92857142857143, "test_acc_std": 1.5592599881628662, "_wandb": {"runtime": 60}}