{"loss": 0.03462551161646843, "forward_nfe": 3176, "backward_nfe": 0, "train_acc": 1.0, "val_acc": 0.7786764705882353, "test_acc": 0.7847715736040609, "epoch_step": 0, "_timestamp": 1723398224.1322381, "_runtime": 189.0409390926361, "_step": 1990, "test_mean": 81.12690355329948, "val_mean": 82.50735294117648, "train_mean": 99.42857142857143, "test_acc_std": 1.4194694264230086, "_wandb": {"runtime": 183}}