{"loss": 0.03105534426867962, "forward_nfe": 11116, "backward_nfe": 0, "train_acc": 1.0, "val_acc": 0.7536764705882353, "test_acc": 0.7421319796954314, "epoch_step": 0, "_timestamp": 1723391790.4268744, "_runtime": 299.2048523426056, "_step": 1990, "test_mean": 81.06598984771574, "val_mean": 81.81617647058823, "train_mean": 99.35714285714286, "test_acc_std": 1.488790171101348, "_wandb": {"runtime": 292}}