{"loss": 0.1578020602464676, "forward_nfe": 12704, "backward_nfe": 0, "train_acc": 0.98, "val_acc": 0.76, "test_acc": 0.6867469879518072, "epoch_step": 0, "_timestamp": 1723402535.8262935, "_runtime": 1226.4944593906403, "_step": 1990, "test_mean": 65.90361445783132, "val_mean": 77.80000000000003, "train_mean": 80.0, "test_acc_std": 3.1899282638249935, "_wandb": {"runtime": 1220}}