{"loss": 0.029453881084918976, "forward_nfe": 1985, "backward_nfe": 0, "train_acc": 0.9928571428571429, "val_acc": 0.7558823529411764, "test_acc": 0.7949238578680203, "epoch_step": 0, "_timestamp": 1723385247.1933131, "_runtime": 71.21096205711365, "_step": 1990, "test_mean": 80.98477157360406, "val_mean": 81.14705882352942, "train_mean": 98.21428571428571, "test_acc_std": 0.9685194052983832, "_wandb": {"runtime": 65}}