{"loss": 0.0007194317877292633, "forward_nfe": 9528, "backward_nfe": 0, "train_acc": 1.0, "val_acc": 0.7647058823529411, "test_acc": 0.7868020304568528, "epoch_step": 0, "_timestamp": 1723389357.09915, "_runtime": 294.24305987358093, "_step": 1990, "test_mean": 81.26903553299492, "val_mean": 81.69117647058825, "train_mean": 99.35714285714286, "test_acc_std": 1.1443295271630014, "_wandb": {"runtime": 288}}