{"loss": 0.630306601524353, "forward_nfe": 25408, "backward_nfe": 0, "train_acc": 0.78, "val_acc": 0.72, "test_acc": 0.6385542168674698, "epoch_step": 0, "_timestamp": 1723400977.2804627, "_runtime": 526.6578087806702, "_step": 1990, "test_mean": 65.78313253012048, "val_mean": 80.60000000000001, "train_mean": 68.60000000000001, "test_acc_std": 3.330186737610906, "_wandb": {"runtime": 520}}