{"loss": 0.05439633131027222, "forward_nfe": 4367, "backward_nfe": 0, "train_acc": 1.0, "val_acc": 0.8029411764705883, "test_acc": 0.7898477157360406, "epoch_step": 0, "_timestamp": 1723391754.9826076, "_runtime": 323.47352051734924, "_step": 1990, "test_mean": 80.31472081218274, "val_mean": 80.55882352941175, "train_mean": 100.0, "test_acc_std": 1.9087644406301747, "_wandb": {"runtime": 316}}