{"loss": 0.03617962449789047, "forward_nfe": 1985, "backward_nfe": 0, "train_acc": 1.0, "val_acc": 0.8066176470588236, "test_acc": 0.7979695431472081, "epoch_step": 0, "_timestamp": 1723387141.7880523, "_runtime": 123.84107542037964, "_step": 1990, "test_mean": 80.52791878172589, "val_mean": 80.87500000000001, "train_mean": 99.71428571428571, "test_acc_std": 1.3243186890656107, "_wandb": {"runtime": 117}}