{"loss": 0.08883621543645859, "forward_nfe": 8337, "backward_nfe": 0, "train_acc": 1.0, "val_acc": 0.7735294117647059, "test_acc": 0.7898477157360406, "epoch_step": 0, "_timestamp": 1723387951.976858, "_runtime": 217.20866799354553, "_step": 1990, "test_mean": 79.56345177664976, "val_mean": 80.12500000000001, "train_mean": 99.92857142857143, "test_acc_std": 1.6811459313992365, "_wandb": {"runtime": 211}}