{"loss": 0.03096698969602585, "forward_nfe": 3176, "backward_nfe": 0, "train_acc": 1.0, "val_acc": 0.7595588235294117, "test_acc": 0.7878172588832487, "epoch_step": 0, "_timestamp": 1723396937.8859344, "_runtime": 144.89228224754333, "_step": 1990, "test_mean": 81.4010152284264, "val_mean": 82.27941176470587, "train_mean": 98.85714285714286, "test_acc_std": 1.5992989780723037, "_wandb": {"runtime": 138}}