{"loss": 0.014655111357569695, "forward_nfe": 11116, "backward_nfe": 0, "train_acc": 1.0, "val_acc": 0.7794117647058824, "test_acc": 0.7715736040609137, "epoch_step": 0, "_timestamp": 1723394042.7624285, "_runtime": 432.27425241470337, "_step": 1990, "test_mean": 80.7715736040609, "val_mean": 80.93382352941177, "train_mean": 99.78571428571428, "test_acc_std": 1.1849938242773517, "_wandb": {"runtime": 425}}