{"loss": 0.02747390978038311, "forward_nfe": 36524, "backward_nfe": 0, "train_acc": 0.9928571428571429, "val_acc": 0.8330882352941177, "test_acc": 0.7959390862944162, "epoch_step": 0, "_timestamp": 1723361589.5377314, "_runtime": 454.32969641685486, "_step": 1990, "test_mean": 79.68527918781726, "val_mean": 81.25000000000003, "train_mean": 100.0, "test_acc_std": 1.2569577545701134, "_wandb": {"runtime": 447}}