{"loss": 0.023786310106515884, "forward_nfe": 7940, "backward_nfe": 0, "train_acc": 1.0, "val_acc": 0.7610294117647058, "test_acc": 0.7746192893401015, "epoch_step": 0, "_timestamp": 1723397043.8427384, "_runtime": 217.1361653804779, "_step": 1990, "test_mean": 79.34010152284264, "val_mean": 80.60294117647058, "train_mean": 99.28571428571429, "test_acc_std": 1.4587175670431969, "_wandb": {"runtime": 211}}