{"loss": 0.05265413969755173, "forward_nfe": 8337, "backward_nfe": 0, "train_acc": 1.0, "val_acc": 0.7050724637681159, "test_acc": 0.7129032258064516, "epoch_step": 0, "_timestamp": 1723359111.3677225, "_runtime": 260.16945457458496, "_step": 1990, "test_mean": 71.35483870967741, "val_mean": 72.16666666666667, "train_mean": 95.66666666666667, "test_acc_std": 1.9478102115420028, "_wandb": {"runtime": 255}}