{"loss": 0.011302861385047436, "forward_nfe": 3573, "backward_nfe": 0, "train_acc": 1.0, "val_acc": 0.7014705882352941, "test_acc": 0.7218274111675127, "epoch_step": 0, "_timestamp": 1723393890.05402, "_runtime": 435.74354791641235, "_step": 1990, "test_mean": 78.35532994923857, "val_mean": 79.11029411764707, "train_mean": 94.78571428571428, "test_acc_std": 1.3118071313878639, "_wandb": {"runtime": 429}}