{"loss": 0.057139892131090164, "forward_nfe": 12704, "backward_nfe": 0, "train_acc": 1.0, "val_acc": 0.8110294117647059, "test_acc": 0.8152284263959391, "epoch_step": 0, "_timestamp": 1723389036.0447166, "_runtime": 315.1945276260376, "_step": 1990, "test_mean": 81.09644670050761, "val_mean": 82.04411764705881, "train_mean": 100.0, "test_acc_std": 1.092302753812205, "_wandb": {"runtime": 308}}