{"loss": 0.026622069999575615, "forward_nfe": 1985, "backward_nfe": 0, "train_acc": 0.9928571428571429, "val_acc": 0.763235294117647, "test_acc": 0.7644670050761422, "epoch_step": 0, "_timestamp": 1723390701.5438585, "_runtime": 105.63743162155151, "_step": 1990, "test_mean": 79.41116751269035, "val_mean": 80.8529411764706, "train_mean": 98.78571428571428, "test_acc_std": 2.001210692846077, "_wandb": {"runtime": 99}}