{"loss": 0.7749027013778687, "forward_nfe": 5161, "backward_nfe": 0, "train_acc": 0.7785714285714286, "val_acc": 0.47941176470588237, "test_acc": 0.516751269035533, "epoch_step": 0, "_timestamp": 1723390851.7476723, "_runtime": 294.8853442668915, "_step": 1990, "test_mean": 80.81218274111676, "val_mean": 80.56617647058823, "train_mean": 98.85714285714286, "test_acc_std": 1.6632403992911593, "_wandb": {"runtime": 287}}