{"loss": 0.5268658399581909, "forward_nfe": 7940, "backward_nfe": 0, "train_acc": 0.85, "val_acc": 0.6051470588235294, "test_acc": 0.6192893401015228, "epoch_step": 0, "_timestamp": 1723386392.908863, "_runtime": 148.07498598098755, "_step": 1990, "test_mean": 80.48730964467005, "val_mean": 81.21323529411765, "train_mean": 99.35714285714286, "test_acc_std": 1.051925591633593, "_wandb": {"runtime": 141}}