{"loss": 0.48413291573524475, "forward_nfe": 2382, "backward_nfe": 0, "train_acc": 0.8, "val_acc": 0.74, "test_acc": 0.7228915662650602, "epoch_step": 0, "_timestamp": 1723399901.044501, "_runtime": 171.42255997657776, "_step": 1990, "test_mean": 68.55421686746988, "val_mean": 81.60000000000001, "train_mean": 77.60000000000001, "test_acc_std": 3.2973330562419294, "_wandb": {"runtime": 165}}