{"loss": 0.208914652466774, "forward_nfe": 9528, "backward_nfe": 0, "train_acc": 0.9857142857142858, "val_acc": 0.775, "test_acc": 0.7553299492385787, "epoch_step": 0, "_timestamp": 1723384792.9843316, "_runtime": 154.3882474899292, "_step": 1990, "test_mean": 77.79695431472082, "val_mean": 77.75000000000001, "train_mean": 96.14285714285715, "test_acc_std": 2.1708090817401122, "_wandb": {"runtime": 149}}