{"loss": 0.07715220004320145, "forward_nfe": 1985, "backward_nfe": 0, "train_acc": 0.9785714285714285, "val_acc": 0.7058823529411765, "test_acc": 0.6598984771573604, "epoch_step": 0, "_timestamp": 1723389202.8718488, "_runtime": 132.78582286834717, "_step": 1990, "test_mean": 80.38578680203047, "val_mean": 81.07352941176471, "train_mean": 99.28571428571429, "test_acc_std": 2.2380203500464506, "_wandb": {"runtime": 126}}