{"loss": 0.023780914023518562, "forward_nfe": 15880, "backward_nfe": 0, "train_acc": 1.0, "val_acc": 0.7875, "test_acc": 0.7624365482233503, "epoch_step": 0, "_timestamp": 1723361111.8420444, "_runtime": 217.07724833488464, "_step": 1990, "test_mean": 80.78172588832489, "val_mean": 81.95588235294117, "train_mean": 100.0, "test_acc_std": 1.6520795681293745, "_wandb": {"runtime": 211}}