{"loss": 0.04834035411477089, "forward_nfe": 2382, "backward_nfe": 0, "train_acc": 1.0, "val_acc": 0.8176470588235294, "test_acc": 0.8131979695431472, "epoch_step": 0, "_timestamp": 1723390341.8237417, "_runtime": 116.09998679161072, "_step": 1990, "test_mean": 81.05583756345179, "val_mean": 82.01470588235293, "train_mean": 99.64285714285715, "test_acc_std": 0.8149698371731764, "_wandb": {"runtime": 111}}