{"loss": 0.05885804817080498, "forward_nfe": 2382, "backward_nfe": 0, "train_acc": 1.0, "val_acc": 0.7088235294117647, "test_acc": 0.7401015228426396, "epoch_step": 0, "_timestamp": 1723386803.0451171, "_runtime": 145.37567019462585, "_step": 1990, "test_mean": 81.09644670050761, "val_mean": 81.62499999999999, "train_mean": 100.0, "test_acc_std": 1.4822335025380706, "_wandb": {"runtime": 139}}