{"loss": 0.05646819621324539, "forward_nfe": 14292, "backward_nfe": 0, "train_acc": 1.0, "val_acc": 0.7492647058823529, "test_acc": 0.7685279187817259, "epoch_step": 0, "_timestamp": 1723392631.631832, "_runtime": 396.59084486961365, "_step": 1990, "test_mean": 80.83248730964468, "val_mean": 80.83088235294117, "train_mean": 99.64285714285715, "test_acc_std": 1.638768631389325, "_wandb": {"runtime": 390}}