{"loss": 0.0617179274559021, "forward_nfe": 2382, "backward_nfe": 0, "train_acc": 1.0, "val_acc": 0.7713235294117647, "test_acc": 0.8030456852791878, "epoch_step": 0, "_timestamp": 1723399634.5637422, "_runtime": 210.48822212219238, "_step": 1990, "test_mean": 81.13705583756344, "val_mean": 80.96323529411764, "train_mean": 99.28571428571429, "test_acc_std": 1.3814569496994145, "_wandb": {"runtime": 204}}