{"loss": 0.010065145790576935, "forward_nfe": 15880, "backward_nfe": 0, "train_acc": 1.0, "val_acc": 0.7220588235294118, "test_acc": 0.7309644670050761, "epoch_step": 0, "_timestamp": 1723390201.2353215, "_runtime": 427.7410614490509, "_step": 1990, "test_mean": 78.8020304568528, "val_mean": 79.63235294117648, "train_mean": 99.50000000000001, "test_acc_std": 1.453444074572449, "_wandb": {"runtime": 421}}