{"loss": 0.06549444794654846, "forward_nfe": 1985, "backward_nfe": 0, "train_acc": 1.0, "val_acc": 0.7823529411764706, "test_acc": 0.8081218274111676, "epoch_step": 0, "_timestamp": 1723387876.7224097, "_runtime": 111.82043266296387, "_step": 1990, "test_mean": 81.08629441624366, "val_mean": 81.5220588235294, "train_mean": 99.50000000000001, "test_acc_std": 1.5884675470018463, "_wandb": {"runtime": 105}}