{"loss": 0.007364125922322273, "forward_nfe": 5955, "backward_nfe": 0, "train_acc": 1.0, "val_acc": 0.7036764705882353, "test_acc": 0.7472081218274111, "epoch_step": 0, "_timestamp": 1723386634.455187, "_runtime": 221.75073909759521, "_step": 1990, "test_mean": 80.03045685279189, "val_mean": 80.6764705882353, "train_mean": 99.85714285714286, "test_acc_std": 1.3658878872095146, "_wandb": {"runtime": 215}}