{"loss": 0.04151633009314537, "forward_nfe": 4367, "backward_nfe": 0, "train_acc": 1.0, "val_acc": 0.7426470588235294, "test_acc": 0.7461928934010152, "epoch_step": 0, "_timestamp": 1723385153.672023, "_runtime": 103.30797910690308, "_step": 1990, "test_mean": 79.09644670050761, "val_mean": 80.41911764705881, "train_mean": 99.2857142857143, "test_acc_std": 1.3028589007098397, "_wandb": {"runtime": 96}}