{"loss": 0.0438740998506546, "forward_nfe": 2382, "backward_nfe": 0, "train_acc": 0.9785714285714285, "val_acc": 0.7213235294117647, "test_acc": 0.7106598984771574, "epoch_step": 0, "_timestamp": 1723389750.7587912, "_runtime": 162.6596713066101, "_step": 1990, "test_mean": 78.33502538071066, "val_mean": 78.88970588235294, "train_mean": 94.35714285714285, "test_acc_std": 1.8093865728904934, "_wandb": {"runtime": 156}}