{"loss": 0.018983354791998863, "forward_nfe": 3176, "backward_nfe": 0, "train_acc": 0.9928571428571429, "val_acc": 0.7875, "test_acc": 0.7644670050761422, "epoch_step": 0, "_timestamp": 1723395065.888582, "_runtime": 176.2863380908966, "_step": 1990, "test_mean": 79.97969543147208, "val_mean": 81.29411764705881, "train_mean": 99.92857142857143, "test_acc_std": 0.9564723421980806, "_wandb": {"runtime": 170}}