{"loss": 0.024538228288292885, "forward_nfe": 2382, "backward_nfe": 0, "train_acc": 1.0, "val_acc": 0.7455882352941177, "test_acc": 0.766497461928934, "epoch_step": 0, "_timestamp": 1723396166.9832368, "_runtime": 166.63053369522095, "_step": 1990, "test_mean": 80.04060913705585, "val_mean": 81.73529411764706, "train_mean": 98.85714285714286, "test_acc_std": 2.4480271062906045, "_wandb": {"runtime": 160}}