{"loss": 0.08935460448265076, "forward_nfe": 3176, "backward_nfe": 0, "train_acc": 0.9857142857142858, "val_acc": 0.6897058823529412, "test_acc": 0.6964467005076143, "epoch_step": 0, "_timestamp": 1723385452.0792649, "_runtime": 84.89344477653503, "_step": 1990, "test_mean": 80.18274111675126, "val_mean": 79.97794117647061, "train_mean": 97.5, "test_acc_std": 1.1898546456027324, "_wandb": {"runtime": 77}}