{"loss": 0.003548408392816782, "forward_nfe": 2382, "backward_nfe": 0, "train_acc": 1.0, "val_acc": 0.7830882352941176, "test_acc": 0.7898477157360406, "epoch_step": 0, "_timestamp": 1723391956.055573, "_runtime": 141.20772910118103, "_step": 1990, "test_mean": 80.89340101522843, "val_mean": 80.41911764705881, "train_mean": 97.57142857142857, "test_acc_std": 1.250669124421075, "_wandb": {"runtime": 137}}