{"loss": 0.10009951889514923, "forward_nfe": 3573, "backward_nfe": 0, "train_acc": 0.9785714285714285, "val_acc": 0.6845588235294118, "test_acc": 0.6893401015228426, "epoch_step": 0, "_timestamp": 1723400927.2114651, "_runtime": 505.8468191623688, "_step": 1990, "test_mean": 80.65989847715736, "val_mean": 81.53676470588236, "train_mean": 99.07142857142858, "test_acc_std": 1.6440745929646339, "_wandb": {"runtime": 500}}