{"loss": 0.25857019424438477, "forward_nfe": 7940, "backward_nfe": 0, "train_acc": 0.9142857142857143, "val_acc": 0.6544117647058824, "test_acc": 0.6720812182741117, "epoch_step": 0, "_timestamp": 1723396912.0518703, "_runtime": 445.49590945243835, "_step": 1990, "test_mean": 81.17766497461929, "val_mean": 81.20588235294116, "train_mean": 97.71428571428572, "test_acc_std": 1.5781496488790303, "_wandb": {"runtime": 438}}