{"loss": 0.0428914949297905, "forward_nfe": 7940, "backward_nfe": 0, "train_acc": 1.0, "val_acc": 0.8088235294117647, "test_acc": 0.8162436548223351, "epoch_step": 0, "_timestamp": 1723387445.4257169, "_runtime": 250.3967878818512, "_step": 1990, "test_mean": 81.13705583756344, "val_mean": 82.33823529411764, "train_mean": 99.92857142857143, "test_acc_std": 1.3664537143871063, "_wandb": {"runtime": 244}}