{"loss": 0.005474139004945755, "forward_nfe": 11116, "backward_nfe": 0, "train_acc": 1.0, "val_acc": 0.7794117647058824, "test_acc": 0.7959390862944162, "epoch_step": 0, "_timestamp": 1723390573.7118444, "_runtime": 298.7490963935852, "_step": 1990, "test_mean": 80.39593908629442, "val_mean": 80.26470588235296, "train_mean": 99.57142857142858, "test_acc_std": 1.7333074337813101, "_wandb": {"runtime": 292}}