{"loss": 0.04855165630578995, "forward_nfe": 2382, "backward_nfe": 0, "train_acc": 1.0, "val_acc": 0.7867647058823529, "test_acc": 0.7360406091370558, "epoch_step": 0, "_timestamp": 1723396451.7167768, "_runtime": 195.46100878715515, "_step": 1990, "test_mean": 79.7766497461929, "val_mean": 80.96323529411764, "train_mean": 99.92857142857143, "test_acc_std": 1.5213529092328268, "_wandb": {"runtime": 192}}