{"loss": 0.065299391746521, "forward_nfe": 11116, "backward_nfe": 0, "train_acc": 0.9714285714285714, "val_acc": 0.6316176470588235, "test_acc": 0.6243654822335025, "epoch_step": 0, "_timestamp": 1723390167.8964658, "_runtime": 628.2145957946777, "_step": 1990, "test_mean": 80.49746192893402, "val_mean": 81.80882352941175, "train_mean": 97.71428571428572, "test_acc_std": 1.5054506001339576, "_wandb": {"runtime": 622}}