{"loss": 0.7093339562416077, "forward_nfe": 11116, "backward_nfe": 0, "train_acc": 0.74, "val_acc": 0.72, "test_acc": 0.6987951807228916, "epoch_step": 0, "_timestamp": 1723399196.4678407, "_runtime": 303.3335497379303, "_step": 1990, "test_mean": 64.81927710843374, "val_mean": 78.8, "train_mean": 68.0, "test_acc_std": 4.721907937895284, "_wandb": {"runtime": 296}}