{"loss": 0.05649996176362038, "forward_nfe": 2779, "backward_nfe": 0, "train_acc": 1.0, "val_acc": 0.774264705882353, "test_acc": 0.8030456852791878, "epoch_step": 0, "_timestamp": 1723388216.6179433, "_runtime": 164.72889018058777, "_step": 1990, "test_mean": 80.31472081218274, "val_mean": 81.48529411764706, "train_mean": 99.78571428571428, "test_acc_std": 0.9731905771778959, "_wandb": {"runtime": 159}}