{"loss": 0.03162936866283417, "forward_nfe": 9528, "backward_nfe": 0, "train_acc": 1.0, "val_acc": 0.7580882352941176, "test_acc": 0.7553299492385787, "epoch_step": 0, "_timestamp": 1723393161.3398492, "_runtime": 270.6903443336487, "_step": 1990, "test_mean": 81.21827411167513, "val_mean": 81.5220588235294, "train_mean": 99.49999999999999, "test_acc_std": 0.9716536945385124, "_wandb": {"runtime": 264}}