{"loss": 0.030107825994491577, "forward_nfe": 822, "backward_nfe": 0, "train_acc": 0.9928571428571429, "val_acc": 0.6889705882352941, "test_acc": 0.6852791878172588, "epoch_step": 0, "_timestamp": 1723400367.5164802, "_runtime": 283.51511430740356, "_step": 1859}