{"loss": 0.012428119778633118, "forward_nfe": 2382, "backward_nfe": 0, "train_acc": 1.0, "val_acc": 0.7330882352941176, "test_acc": 0.7431472081218274, "epoch_step": 0, "_timestamp": 1723400394.8947692, "_runtime": 310.89340329170227, "_step": 1990, "test_mean": 79.53299492385786, "val_mean": 80.23529411764706, "train_mean": 98.21428571428574, "test_acc_std": 2.0239489615231845, "_wandb": {"runtime": 308}}