{"loss": 0.01976935565471649, "forward_nfe": 5161, "backward_nfe": 0, "train_acc": 1.0, "val_acc": 0.8183823529411764, "test_acc": 0.8050761421319796, "epoch_step": 0, "_timestamp": 1723398572.1380203, "_runtime": 267.572740316391, "_step": 1990, "test_mean": 80.7005076142132, "val_mean": 82.08823529411762, "train_mean": 98.85714285714286, "test_acc_std": 0.9816266701919037, "_wandb": {"runtime": 261}}