{"loss": 0.034932225942611694, "forward_nfe": 2382, "backward_nfe": 0, "train_acc": 1.0, "val_acc": 0.8073529411764706, "test_acc": 0.8192893401015229, "epoch_step": 0, "_timestamp": 1723385543.570766, "_runtime": 71.07069301605225, "_step": 1990, "test_mean": 80.67005076142134, "val_mean": 81.66176470588236, "train_mean": 99.85714285714286, "test_acc_std": 1.7224211216607936, "_wandb": {"runtime": 64}}