{"loss": 0.17601539194583893, "forward_nfe": 9528, "backward_nfe": 0, "train_acc": 0.9428571428571428, "val_acc": 0.7139705882352941, "test_acc": 0.6771573604060914, "epoch_step": 0, "_timestamp": 1723387421.1975935, "_runtime": 257.50536251068115, "_step": 1990, "test_mean": 80.65989847715736, "val_mean": 81.27941176470588, "train_mean": 98.50000000000001, "test_acc_std": 0.7110223876098731, "_wandb": {"runtime": 253}}