{"loss": 0.5846052765846252, "forward_nfe": 11116, "backward_nfe": 0, "train_acc": 0.7714285714285715, "val_acc": 0.6345588235294117, "test_acc": 0.6111675126903553, "epoch_step": 0, "_timestamp": 1723394934.8206058, "_runtime": 363.2855808734894, "_step": 1990, "test_mean": 81.86802030456853, "val_mean": 81.7720588235294, "train_mean": 97.5, "test_acc_std": 0.9206728161425063, "_wandb": {"runtime": 357}}