{"loss": 0.0016449119430035353, "forward_nfe": 11116, "backward_nfe": 0, "train_acc": 1.0, "val_acc": 0.7485294117647059, "test_acc": 0.750253807106599, "epoch_step": 0, "_timestamp": 1723384523.9414978, "_runtime": 205.2512457370758, "_step": 1990, "test_mean": 80.0, "val_mean": 81.1985294117647, "train_mean": 99.85714285714286, "test_acc_std": 1.5024008717714448, "_wandb": {"runtime": 198}}