{"loss": 0.008534380234777927, "forward_nfe": 12704, "backward_nfe": 0, "train_acc": 1.0, "val_acc": 0.5492753623188406, "test_acc": 0.5661290322580645, "epoch_step": 0, "_timestamp": 1723359376.358584, "_runtime": 243.00771284103394, "_step": 1990, "test_mean": 67.38709677419355, "val_mean": 68.73913043478261, "train_mean": 99.41666666666666, "test_acc_std": 2.754052921095677, "_wandb": {"runtime": 238}}