{"loss": 0.05482441931962967, "forward_nfe": 15880, "backward_nfe": 0, "train_acc": 1.0, "val_acc": 0.7161764705882353, "test_acc": 0.7340101522842639, "epoch_step": 0, "_timestamp": 1723398864.1034732, "_runtime": 1107.2181050777435, "_step": 1990, "test_mean": 79.4010152284264, "val_mean": 80.61029411764706, "train_mean": 99.49999999999999, "test_acc_std": 1.3729627340432853, "_wandb": {"runtime": 1101}}