{"loss": 0.003761341329663992, "forward_nfe": 23820, "backward_nfe": 0, "train_acc": 1.0, "val_acc": 0.6816176470588236, "test_acc": 0.683248730964467, "epoch_step": 0, "_timestamp": 1723392869.7626803, "_runtime": 883.812025308609, "_step": 1990, "test_mean": 79.0761421319797, "val_mean": 79.58088235294117, "train_mean": 97.35714285714285, "test_acc_std": 1.6467055148984702, "_wandb": {"runtime": 877}}