{"loss": 0.03503141179680824, "forward_nfe": 2779, "backward_nfe": 0, "train_acc": 0.9857142857142858, "val_acc": 0.5786764705882353, "test_acc": 0.6213197969543147, "epoch_step": 0, "_timestamp": 1723398449.9502344, "_runtime": 199.94546747207642, "_step": 1990, "test_mean": 80.79187817258884, "val_mean": 81.34558823529412, "train_mean": 98.85714285714286, "test_acc_std": 1.2002044025284573, "_wandb": {"runtime": 197}}