{"loss": 0.04881161451339722, "forward_nfe": 2779, "backward_nfe": 0, "train_acc": 1.0, "val_acc": 0.775, "test_acc": 0.7705583756345178, "epoch_step": 0, "_timestamp": 1723385644.9217563, "_runtime": 78.23941326141357, "_step": 1990, "test_mean": 80.35532994923858, "val_mean": 81.6029411764706, "train_mean": 99.71428571428571, "test_acc_std": 1.2923742228758393, "_wandb": {"runtime": 72}}