{"loss": 0.0355507992208004, "forward_nfe": 12704, "backward_nfe": 0, "train_acc": 1.0, "val_acc": 0.8007352941176471, "test_acc": 0.8050761421319796, "epoch_step": 0, "_timestamp": 1723400825.048516, "_runtime": 517.3994419574738, "_step": 1990, "test_mean": 81.55329949238579, "val_mean": 82.11764705882352, "train_mean": 99.85714285714286, "test_acc_std": 1.7121278853964077, "_wandb": {"runtime": 512}}