{"loss": 0.04181933403015137, "forward_nfe": 12384, "backward_nfe": 0, "train_acc": 1.0, "val_acc": 0.8036764705882353, "test_acc": 0.8071065989847716, "epoch_step": 0, "_timestamp": 1723400367.4783497, "_runtime": 59.829275608062744, "_step": 193}