{"loss": 0.049419280141592026, "forward_nfe": 17468, "backward_nfe": 0, "train_acc": 1.0, "val_acc": 0.8080882352941177, "test_acc": 0.8233502538071066, "epoch_step": 0, "_timestamp": 1723394519.4212992, "_runtime": 451.52198910713196, "_step": 1990, "test_mean": 81.15736040609137, "val_mean": 81.80147058823529, "train_mean": 100.0, "test_acc_std": 0.9384138077800058, "_wandb": {"runtime": 447}}