{"loss": 0.3675580620765686, "forward_nfe": 9528, "backward_nfe": 0, "train_acc": 0.8571428571428571, "val_acc": 0.5669117647058823, "test_acc": 0.5512690355329949, "epoch_step": 0, "_timestamp": 1723392433.1267772, "_runtime": 655.9488732814789, "_step": 1990, "test_mean": 81.55329949238579, "val_mean": 80.71323529411762, "train_mean": 97.99999999999999, "test_acc_std": 1.1387315426125897, "_wandb": {"runtime": 650}}