{"loss": 0.04410278797149658, "forward_nfe": 2382, "backward_nfe": 0, "train_acc": 0.9928571428571429, "val_acc": 0.7801470588235294, "test_acc": 0.7766497461928934, "epoch_step": 0, "_timestamp": 1723397249.9912431, "_runtime": 131.90447306632996, "_step": 1990, "test_mean": 81.13705583756345, "val_mean": 82.1764705882353, "train_mean": 99.71428571428571, "test_acc_std": 0.8824899009990151, "_wandb": {"runtime": 126}}