{"loss": 0.005695377942174673, "forward_nfe": 7940, "backward_nfe": 0, "train_acc": 1.0, "val_acc": 0.7544117647058823, "test_acc": 0.7949238578680203, "epoch_step": 0, "_timestamp": 1723391467.0305684, "_runtime": 218.08329129219055, "_step": 1990, "test_mean": 80.43654822335024, "val_mean": 80.5735294117647, "train_mean": 99.14285714285714, "test_acc_std": 1.4169985070552746, "_wandb": {"runtime": 213}}