{"loss": 0.2049420028924942, "forward_nfe": 3176, "backward_nfe": 0, "train_acc": 0.9714285714285714, "val_acc": 0.5676470588235294, "test_acc": 0.6081218274111675, "epoch_step": 0, "_timestamp": 1723401617.6001117, "_runtime": 230.5205056667328, "_step": 1990, "test_mean": 80.57868020304568, "val_mean": 79.80882352941178, "train_mean": 96.71428571428571, "test_acc_std": 1.3636222306339447, "_wandb": {"runtime": 228}}