{"loss": 0.023715460672974586, "forward_nfe": 3176, "backward_nfe": 0, "train_acc": 1.0, "val_acc": 0.7705882352941177, "test_acc": 0.7878172588832487, "epoch_step": 0, "_timestamp": 1723399860.2239401, "_runtime": 201.5294680595398, "_step": 1990, "test_mean": 81.72588832487311, "val_mean": 82.14705882352942, "train_mean": 100.0, "test_acc_std": 1.0724964585782146, "_wandb": {"runtime": 195}}