{"loss": 0.08682193607091904, "forward_nfe": 3573, "backward_nfe": 0, "train_acc": 0.9928571428571429, "val_acc": 0.7816176470588235, "test_acc": 0.8020304568527918, "epoch_step": 0, "_timestamp": 1723390126.3198633, "_runtime": 161.4155683517456, "_step": 1990, "test_mean": 78.88324873096447, "val_mean": 79.88970588235294, "train_mean": 98.7142857142857, "test_acc_std": 1.8966032174892806, "_wandb": {"runtime": 155}}