{"loss": 0.02279066853225231, "forward_nfe": 2382, "backward_nfe": 0, "train_acc": 1.0, "val_acc": 0.7205882352941176, "test_acc": 0.7766497461928934, "epoch_step": 0, "_timestamp": 1723397177.574669, "_runtime": 111.06240582466125, "_step": 1990, "test_mean": 80.96446700507614, "val_mean": 81.59558823529413, "train_mean": 99.85714285714286, "test_acc_std": 1.8111231243564725, "_wandb": {"runtime": 105}}