{"loss": 0.02436700649559498, "forward_nfe": 2382, "backward_nfe": 0, "train_acc": 1.0, "val_acc": 0.7735294117647059, "test_acc": 0.7807106598984772, "epoch_step": 0, "_timestamp": 1723388387.0070949, "_runtime": 123.51083588600159, "_step": 1990, "test_mean": 80.253807106599, "val_mean": 80.86029411764703, "train_mean": 99.71428571428571, "test_acc_std": 1.7991325809269143, "_wandb": {"runtime": 118}}