{"loss": 0.02761731669306755, "forward_nfe": 3176, "backward_nfe": 0, "train_acc": 1.0, "val_acc": 0.7801470588235294, "test_acc": 0.8, "epoch_step": 0, "_timestamp": 1723394213.322423, "_runtime": 302.5951581001282, "_step": 1990, "test_mean": 81.29949238578679, "val_mean": 81.16911764705883, "train_mean": 99.92857142857143, "test_acc_std": 0.9882715552193277, "_wandb": {"runtime": 296}}