{"loss": 0.03385399654507637, "forward_nfe": 9528, "backward_nfe": 0, "train_acc": 1.0, "val_acc": 0.7889705882352941, "test_acc": 0.7898477157360406, "epoch_step": 0, "_timestamp": 1723386058.8922696, "_runtime": 168.4878945350647, "_step": 1990, "test_mean": 80.29441624365482, "val_mean": 81.23529411764704, "train_mean": 100.0, "test_acc_std": 1.5887270687202022, "_wandb": {"runtime": 162}}