{"loss": 0.11918848752975464, "forward_nfe": 3573, "backward_nfe": 0, "train_acc": 0.9571428571428572, "val_acc": 0.6470588235294118, "test_acc": 0.6436548223350254, "epoch_step": 0, "_timestamp": 1723395717.4843438, "_runtime": 269.4456408023834, "_step": 1990, "test_mean": 77.36040609137056, "val_mean": 77.23529411764704, "train_mean": 97.64285714285714, "test_acc_std": 1.9992526110030435, "_wandb": {"runtime": 263}}