{"loss": 0.27103596925735474, "forward_nfe": 1985, "backward_nfe": 0, "train_acc": 0.9357142857142857, "val_acc": 0.6757352941176471, "test_acc": 0.6446700507614214, "epoch_step": 0, "_timestamp": 1723388382.2537363, "_runtime": 139.59706926345825, "_step": 1990, "test_mean": 80.06091370558377, "val_mean": 80.88235294117648, "train_mean": 98.07142857142857, "test_acc_std": 2.028018840882644, "_wandb": {"runtime": 133}}