{"loss": 0.012969286181032658, "forward_nfe": 9925, "backward_nfe": 0, "train_acc": 1.0, "val_acc": 0.736764705882353, "test_acc": 0.7756345177664975, "epoch_step": 0, "_timestamp": 1723386990.7742531, "_runtime": 282.8238401412964, "_step": 1990, "test_mean": 80.79187817258884, "val_mean": 80.61764705882354, "train_mean": 100.0, "test_acc_std": 1.7107728652693917, "_wandb": {"runtime": 276}}