{"loss": 0.03928857669234276, "forward_nfe": 2382, "backward_nfe": 0, "train_acc": 1.0, "val_acc": 0.7198529411764706, "test_acc": 0.7553299492385787, "epoch_step": 0, "_timestamp": 1723388026.415821, "_runtime": 128.6606800556183, "_step": 1990, "test_mean": 81.13705583756345, "val_mean": 82.02205882352942, "train_mean": 99.14285714285714, "test_acc_std": 0.8647934797582499, "_wandb": {"runtime": 122}}