{"loss": 0.05362044274806976, "forward_nfe": 25408, "backward_nfe": 0, "train_acc": 1.0, "val_acc": 0.7536764705882353, "test_acc": 0.7593908629441625, "epoch_step": 0, "_timestamp": 1723394864.9601223, "_runtime": 634.7784023284912, "_step": 1990, "test_mean": 80.40609137055836, "val_mean": 81.34558823529412, "train_mean": 99.78571428571428, "test_acc_std": 1.4634791555161324, "_wandb": {"runtime": 629}}