{"loss": 0.0042028166353702545, "forward_nfe": 9528, "backward_nfe": 0, "train_acc": 1.0, "val_acc": 0.7036764705882353, "test_acc": 0.6639593908629442, "epoch_step": 0, "_timestamp": 1723397730.5309455, "_runtime": 790.1064236164093, "_step": 1990, "test_mean": 78.56852791878173, "val_mean": 78.90441176470588, "train_mean": 96.57142857142857, "test_acc_std": 2.329921590581677, "_wandb": {"runtime": 784}}