{"loss": 0.00601178640499711, "forward_nfe": 2382, "backward_nfe": 0, "train_acc": 1.0, "val_acc": 0.774264705882353, "test_acc": 0.7908629441624365, "epoch_step": 0, "_timestamp": 1723398826.9609702, "_runtime": 233.78366017341614, "_step": 1990, "test_mean": 80.30456852791879, "val_mean": 80.1029411764706, "train_mean": 99.85714285714286, "test_acc_std": 1.6167333390777152, "_wandb": {"runtime": 231}}