{"loss": 0.059919942170381546, "forward_nfe": 7940, "backward_nfe": 0, "train_acc": 1.0, "val_acc": 0.7933823529411764, "test_acc": 0.7786802030456853, "epoch_step": 0, "_timestamp": 1723392214.0989096, "_runtime": 234.1219847202301, "_step": 1990, "test_mean": 80.03045685279189, "val_mean": 81.23529411764707, "train_mean": 100.0, "test_acc_std": 1.4140860153946722, "_wandb": {"runtime": 228}}