{"loss": 0.007104126270860434, "forward_nfe": 34936, "backward_nfe": 0, "train_acc": 1.0, "val_acc": 0.6926470588235294, "test_acc": 0.6842639593908629, "epoch_step": 0, "_timestamp": 1723396185.2055106, "_runtime": 1228.471605539322, "_step": 1990, "test_mean": 79.05583756345177, "val_mean": 79.04411764705883, "train_mean": 97.42857142857142, "test_acc_std": 1.5497121908477418, "_wandb": {"runtime": 1222}}