{"loss": 0.06925089657306671, "forward_nfe": 1985, "backward_nfe": 0, "train_acc": 1.0, "val_acc": 0.7860294117647059, "test_acc": 0.8121827411167513, "epoch_step": 0, "_timestamp": 1723390322.391968, "_runtime": 131.09017992019653, "_step": 1990, "test_mean": 81.502538071066, "val_mean": 81.36029411764704, "train_mean": 99.92857142857143, "test_acc_std": 1.5145629400179896, "_wandb": {"runtime": 124}}