{"loss": 0.06326111406087875, "forward_nfe": 820, "backward_nfe": 0, "train_acc": 1.0, "val_acc": 0.7595588235294117, "test_acc": 0.7279187817258883, "epoch_step": 0, "_timestamp": 1723400367.5221405, "_runtime": 74.62369561195374, "_step": 219}