{"loss": 0.04735046997666359, "forward_nfe": 7940, "backward_nfe": 0, "train_acc": 1.0, "val_acc": 0.7794117647058824, "test_acc": 0.8091370558375635, "epoch_step": 0, "_timestamp": 1723400820.4717405, "_runtime": 527.5732955932617, "_step": 1990, "test_mean": 79.11675126903553, "val_mean": 80.66911764705881, "train_mean": 99.42857142857143, "test_acc_std": 1.4837972420301253, "_wandb": {"runtime": 521}}