{"loss": 0.04846771061420441, "forward_nfe": 17468, "backward_nfe": 0, "train_acc": 1.0, "val_acc": 0.7977941176470589, "test_acc": 0.8253807106598985, "epoch_step": 0, "_timestamp": 1723399631.9375212, "_runtime": 780.7024033069611, "_step": 1990, "test_mean": 80.36548223350253, "val_mean": 80.74999999999999, "train_mean": 99.85714285714286, "test_acc_std": 1.8314675790911172, "_wandb": {"runtime": 778}}