{"loss": 0.05101296305656433, "forward_nfe": 13772, "backward_nfe": 0, "train_acc": 1.0, "val_acc": 0.7588235294117647, "test_acc": 0.7766497461928934, "epoch_step": 0, "_timestamp": 1723399164.0203943, "_runtime": 312.78527641296387, "_step": 753}