{"loss": 0.05947006121277809, "forward_nfe": 2779, "backward_nfe": 0, "train_acc": 1.0, "val_acc": 0.774264705882353, "test_acc": 0.783756345177665, "epoch_step": 0, "_timestamp": 1723391016.2143674, "_runtime": 172.23668146133423, "_step": 1990, "test_mean": 80.51776649746193, "val_mean": 82.32352941176468, "train_mean": 99.28571428571429, "test_acc_std": 1.300483441883166, "_wandb": {"runtime": 164}}