{"loss": 0.08882194012403488, "forward_nfe": 4764, "backward_nfe": 0, "train_acc": 0.9714285714285714, "val_acc": 0.6786764705882353, "test_acc": 0.6730964467005076, "epoch_step": 0, "_timestamp": 1723392890.289849, "_runtime": 406.54388999938965, "_step": 1990, "test_mean": 79.85786802030456, "val_mean": 80.80882352941175, "train_mean": 98.92857142857142, "test_acc_std": 1.8549531931868015, "_wandb": {"runtime": 400}}