{"loss": 0.11432351917028427, "forward_nfe": 3573, "backward_nfe": 0, "train_acc": 0.9928571428571429, "val_acc": 0.8139705882352941, "test_acc": 0.7928934010152284, "epoch_step": 0, "_timestamp": 1723393428.5853257, "_runtime": 276.32087874412537, "_step": 1990, "test_mean": 81.27918781725889, "val_mean": 82.14705882352942, "train_mean": 99.78571428571428, "test_acc_std": 1.4344570526846743, "_wandb": {"runtime": 270}}