{"loss": 0.05364058539271355, "forward_nfe": 3176, "backward_nfe": 0, "train_acc": 1.0, "val_acc": 0.7705882352941177, "test_acc": 0.7878172588832487, "epoch_step": 0, "_timestamp": 1723387545.5647435, "_runtime": 102.78957056999207, "_step": 1990, "test_mean": 80.49746192893402, "val_mean": 81.66911764705883, "train_mean": 99.85714285714286, "test_acc_std": 2.037778676929572, "_wandb": {"runtime": 96}}