{"loss": 0.030015189200639725, "forward_nfe": 7940, "backward_nfe": 0, "train_acc": 1.0, "val_acc": 0.8073529411764706, "test_acc": 0.8081218274111676, "epoch_step": 0, "_timestamp": 1723392998.6882393, "_runtime": 344.0290012359619, "_step": 1990, "test_mean": 80.67005076142131, "val_mean": 81.71323529411765, "train_mean": 99.85714285714286, "test_acc_std": 1.637132568146294, "_wandb": {"runtime": 338}}