{"loss": 0.0004669943009503186, "forward_nfe": 7940, "backward_nfe": 0, "train_acc": 1.0, "val_acc": 0.6867647058823529, "test_acc": 0.6944162436548224, "epoch_step": 0, "_timestamp": 1723396535.80365, "_runtime": 322.94841980934143, "_step": 1990, "test_mean": 78.56852791878174, "val_mean": 78.98529411764706, "train_mean": 97.07142857142856, "test_acc_std": 1.518403003895427, "_wandb": {"runtime": 317}}