{"loss": 0.0004910764982923865, "forward_nfe": 4367, "backward_nfe": 0, "train_acc": 1.0, "val_acc": 0.8088235294117647, "test_acc": 0.8091370558375635, "epoch_step": 0, "_timestamp": 1723398007.653881, "_runtime": 183.80290818214417, "_step": 1990, "test_mean": 79.53299492385787, "val_mean": 80.81617647058825, "train_mean": 99.78571428571428, "test_acc_std": 1.741464498874441, "_wandb": {"runtime": 177}}