{"loss": 0.3545866906642914, "forward_nfe": 7940, "backward_nfe": 0, "train_acc": 0.9142857142857143, "val_acc": 0.6433823529411765, "test_acc": 0.6761421319796954, "epoch_step": 0, "_timestamp": 1723388694.410293, "_runtime": 281.7432510852814, "_step": 1990, "test_mean": 79.54314720812182, "val_mean": 80.29411764705883, "train_mean": 98.99999999999999, "test_acc_std": 1.4487917915225361, "_wandb": {"runtime": 275}}