{"loss": 0.056313369423151016, "forward_nfe": 5955, "backward_nfe": 0, "train_acc": 1.0, "val_acc": 0.7455882352941177, "test_acc": 0.7451776649746192, "epoch_step": 0, "_timestamp": 1723393226.4139626, "_runtime": 205.25157761573792, "_step": 1990, "test_mean": 80.2741116751269, "val_mean": 81.00735294117648, "train_mean": 99.49999999999999, "test_acc_std": 1.1805059378802418, "_wandb": {"runtime": 199}}