{"loss": 0.009931645356118679, "forward_nfe": 3970, "backward_nfe": 0, "train_acc": 1.0, "val_acc": 0.8066176470588236, "test_acc": 0.7868020304568528, "epoch_step": 0, "_timestamp": 1723399732.0402899, "_runtime": 461.1775178909302, "_step": 1990, "test_mean": 80.81218274111676, "val_mean": 80.8970588235294, "train_mean": 99.49999999999999, "test_acc_std": 1.074416776066839, "_wandb": {"runtime": 453}}