{"loss": 0.011342239566147327, "forward_nfe": 8734, "backward_nfe": 0, "train_acc": 1.0, "val_acc": 0.7397058823529412, "test_acc": 0.732994923857868, "epoch_step": 0, "_timestamp": 1723398278.2166016, "_runtime": 298.9387106895447, "_step": 1990, "test_mean": 78.59898477157361, "val_mean": 79.21323529411765, "train_mean": 97.92857142857144, "test_acc_std": 2.302040250931993, "_wandb": {"runtime": 295}}