{"loss": 0.07197607308626175, "forward_nfe": 1985, "backward_nfe": 0, "train_acc": 1.0, "val_acc": 0.8036764705882353, "test_acc": 0.8233502538071066, "epoch_step": 0, "_timestamp": 1723387740.969548, "_runtime": 130.51264190673828, "_step": 1990, "test_mean": 80.98477157360406, "val_mean": 81.80882352941177, "train_mean": 99.64285714285715, "test_acc_std": 1.2834109644926874, "_wandb": {"runtime": 127}}