{"loss": 0.03440425544977188, "forward_nfe": 2779, "backward_nfe": 0, "train_acc": 1.0, "val_acc": 0.6566176470588235, "test_acc": 0.6700507614213198, "epoch_step": 0, "_timestamp": 1723385865.4905005, "_runtime": 75.82797145843506, "_step": 1990, "test_mean": 76.60913705583756, "val_mean": 78.10294117647058, "train_mean": 99.28571428571429, "test_acc_std": 1.7067919336988837, "_wandb": {"runtime": 68}}