{"loss": 0.35629162192344666, "forward_nfe": 12704, "backward_nfe": 0, "train_acc": 0.8785714285714286, "val_acc": 0.7235294117647059, "test_acc": 0.7157360406091371, "epoch_step": 0, "_timestamp": 1723387162.7312145, "_runtime": 336.75445652008057, "_step": 1990, "test_mean": 75.49238578680203, "val_mean": 76.31617647058823, "train_mean": 93.78571428571429, "test_acc_std": 4.4725853469951, "_wandb": {"runtime": 330}}