{"loss": 1.5164191722869873, "forward_nfe": 9528, "backward_nfe": 0, "train_acc": 0.34, "val_acc": 0.74, "test_acc": 0.5542168674698795, "epoch_step": 0, "_timestamp": 1723400429.550446, "_runtime": 327.8031311035156, "_step": 1990, "test_mean": 56.746987951807235, "val_mean": 76.19999999999999, "train_mean": 36.39999999999999, "test_acc_std": 0.3614457831325279, "_wandb": {"runtime": 325}}