{"loss": 1.5941921472549438, "forward_nfe": 1368, "backward_nfe": 0, "train_acc": 0.28, "val_acc": 0.12, "test_acc": 0.1566265060240964, "epoch_step": 0, "_timestamp": 1723400367.0690455, "_runtime": 265.3217306137085, "_step": 1620}