{"loss": 0.04707495868206024, "forward_nfe": 20644, "backward_nfe": 0, "train_acc": 0.9928571428571429, "val_acc": 0.7794117647058824, "test_acc": 0.7918781725888325, "epoch_step": 0, "_timestamp": 1723390822.64933, "_runtime": 457.4143879413605, "_step": 1990, "test_mean": 81.66497461928934, "val_mean": 82.33088235294119, "train_mean": 99.49999999999999, "test_acc_std": 1.1962475794237926, "_wandb": {"runtime": 451}}