{"loss": 0.017506832256913185, "forward_nfe": 9528, "backward_nfe": 0, "train_acc": 1.0, "val_acc": 0.6159420289855072, "test_acc": 0.582258064516129, "epoch_step": 0, "_timestamp": 1723359703.0633879, "_runtime": 304.4976508617401, "_step": 1990, "test_mean": 66.93548387096774, "val_mean": 68.19565217391303, "train_mean": 99.75, "test_acc_std": 2.647324056818624, "_wandb": {"runtime": 298}}