{"loss": 0.32912078499794006, "forward_nfe": 1985, "backward_nfe": 0, "train_acc": 0.88, "val_acc": 0.52, "test_acc": 0.5662650602409639, "epoch_step": 0, "_timestamp": 1723399178.1851828, "_runtime": 203.8218388557434, "_step": 1990, "test_mean": 59.397590361445786, "val_mean": 71.4, "train_mean": 64.60000000000001, "test_acc_std": 4.573554914723448, "_wandb": {"runtime": 201}}