{"loss": 0.04950393736362457, "forward_nfe": 12704, "backward_nfe": 0, "train_acc": 1.0, "val_acc": 0.7588235294117647, "test_acc": 0.76751269035533, "epoch_step": 0, "_timestamp": 1723361523.3221264, "_runtime": 293.91641545295715, "_step": 1990, "test_mean": 80.49746192893402, "val_mean": 80.76470588235294, "train_mean": 100.0, "test_acc_std": 1.133651539077995, "_wandb": {"runtime": 287}}