{"loss": 0.22575388848781586, "forward_nfe": 11116, "backward_nfe": 0, "train_acc": 0.95, "val_acc": 0.6198529411764706, "test_acc": 0.6071065989847716, "epoch_step": 0, "_timestamp": 1723398850.8416557, "_runtime": 377.04978466033936, "_step": 1990, "test_mean": 81.47208121827411, "val_mean": 81.51470588235294, "train_mean": 99.2857142857143, "test_acc_std": 1.7308081564507212, "_wandb": {"runtime": 370}}