{"loss": 0.059137821197509766, "forward_nfe": 2382, "backward_nfe": 0, "train_acc": 1.0, "val_acc": 0.7897058823529411, "test_acc": 0.783756345177665, "epoch_step": 0, "_timestamp": 1723393127.3597043, "_runtime": 207.63682222366333, "_step": 1990, "test_mean": 81.59390862944163, "val_mean": 81.21323529411765, "train_mean": 100.0, "test_acc_std": 1.3636222306339474, "_wandb": {"runtime": 201}}