{"loss": 1.7010817527770996, "forward_nfe": 6, "backward_nfe": 0, "train_acc": 0.9714285714285714, "val_acc": 0.6801470588235294, "test_acc": 0.6873096446700507, "epoch_step": 0, "_timestamp": 1723399164.1037216, "_runtime": 277.8779535293579, "_step": 1393}