{"loss": 0.06676950305700302, "forward_nfe": 2382, "backward_nfe": 0, "train_acc": 1.0, "val_acc": 0.7492647058823529, "test_acc": 0.8010152284263959, "epoch_step": 0, "_timestamp": 1723399247.8434398, "_runtime": 361.61767172813416, "_step": 1990, "test_mean": 81.2284263959391, "val_mean": 81.30882352941177, "train_mean": 100.0, "test_acc_std": 1.5217932086247057, "_wandb": {"runtime": 356}}