{"loss": 0.030021876096725464, "forward_nfe": 2779, "backward_nfe": 0, "train_acc": 1.0, "val_acc": 0.7772058823529412, "test_acc": 0.7736040609137056, "epoch_step": 0, "_timestamp": 1723389517.949356, "_runtime": 267.25079107284546, "_step": 1990, "test_mean": 81.71573604060913, "val_mean": 81.51470588235294, "train_mean": 99.35714285714286, "test_acc_std": 1.8038240877036875, "_wandb": {"runtime": 261}}