{"loss": 0.10752804577350616, "forward_nfe": 2382, "backward_nfe": 0, "train_acc": 0.9714285714285714, "val_acc": 0.7227941176470588, "test_acc": 0.7289340101522843, "epoch_step": 0, "_timestamp": 1723400057.8245418, "_runtime": 298.58200669288635, "_step": 1990, "test_mean": 79.7766497461929, "val_mean": 80.90441176470587, "train_mean": 97.28571428571428, "test_acc_std": 2.22601421195337, "_wandb": {"runtime": 292}}