{"loss": 0.07472769916057587, "forward_nfe": 9528, "backward_nfe": 0, "train_acc": 1.0, "val_acc": 0.7705882352941177, "test_acc": 0.7553299492385787, "epoch_step": 0, "_timestamp": 1723389562.3974915, "_runtime": 337.00579738616943, "_step": 1990, "test_mean": 80.98477157360406, "val_mean": 80.82352941176471, "train_mean": 99.85714285714286, "test_acc_std": 1.1414436730243944, "_wandb": {"runtime": 329}}