{"loss": 0.0030224856454879045, "forward_nfe": 2779, "backward_nfe": 0, "train_acc": 1.0, "val_acc": 0.6227941176470588, "test_acc": 0.6263959390862944, "epoch_step": 0, "_timestamp": 1723391181.2436893, "_runtime": 301.71500730514526, "_step": 1990, "test_mean": 78.55837563451777, "val_mean": 79.58823529411767, "train_mean": 97.00000000000001, "test_acc_std": 2.7357721914237043, "_wandb": {"runtime": 295}}