{"loss": 0.03321567922830582, "forward_nfe": 7940, "backward_nfe": 0, "train_acc": 1.0, "val_acc": 0.8066176470588236, "test_acc": 0.8, "epoch_step": 0, "_timestamp": 1723387440.530189, "_runtime": 206.94953203201294, "_step": 1990, "test_mean": 80.45685279187816, "val_mean": 81.48529411764706, "train_mean": 99.85714285714286, "test_acc_std": 1.5591277802613113, "_wandb": {"runtime": 199}}