{"loss": 0.034731633961200714, "forward_nfe": 23820, "backward_nfe": 0, "train_acc": 0.9928571428571429, "val_acc": 0.6683823529411764, "test_acc": 0.6852791878172588, "epoch_step": 0, "_timestamp": 1723387209.6026912, "_runtime": 399.41098618507385, "_step": 1990, "test_mean": 79.34010152284264, "val_mean": 79.83823529411764, "train_mean": 98.71428571428572, "test_acc_std": 1.6849427833776605, "_wandb": {"runtime": 391}}