{"loss": 0.02331596612930298, "forward_nfe": 19056, "backward_nfe": 0, "train_acc": 0.9928571428571429, "val_acc": 0.7375, "test_acc": 0.7522842639593909, "epoch_step": 0, "_timestamp": 1723386785.794685, "_runtime": 369.31609892845154, "_step": 1990, "test_mean": 81.21827411167513, "val_mean": 81.61029411764706, "train_mean": 99.78571428571428, "test_acc_std": 1.311178419570596, "_wandb": {"runtime": 362}}