{"loss": 0.018145550042390823, "forward_nfe": 8337, "backward_nfe": 0, "train_acc": 1.0, "val_acc": 0.7801470588235294, "test_acc": 0.7817258883248731, "epoch_step": 0, "_timestamp": 1723401911.9636707, "_runtime": 957.394960641861, "_step": 1990, "test_mean": 79.60406091370558, "val_mean": 80.79411764705881, "train_mean": 99.85714285714286, "test_acc_std": 2.043334796067351, "_wandb": {"runtime": 951}}