{"loss": 0.013049466535449028, "forward_nfe": 3176, "backward_nfe": 0, "train_acc": 1.0, "val_acc": 0.7558823529411764, "test_acc": 0.751269035532995, "epoch_step": 0, "_timestamp": 1723388706.6590543, "_runtime": 280.94462418556213, "_step": 1990, "test_mean": 80.76142131979695, "val_mean": 81.40441176470588, "train_mean": 98.64285714285714, "test_acc_std": 0.9218475366214722, "_wandb": {"runtime": 277}}