{"loss": 0.03372613340616226, "forward_nfe": 9528, "backward_nfe": 0, "train_acc": 1.0, "val_acc": 0.7985294117647059, "test_acc": 0.7614213197969543, "epoch_step": 0, "_timestamp": 1723394791.8425484, "_runtime": 554.4272153377533, "_step": 1990, "test_mean": 81.01522842639592, "val_mean": 81.95588235294117, "train_mean": 100.0, "test_acc_std": 1.5126562868783087, "_wandb": {"runtime": 548}}