{"loss": 0.09135186672210693, "forward_nfe": 3573, "backward_nfe": 0, "train_acc": 1.0, "val_acc": 0.7713235294117647, "test_acc": 0.7847715736040609, "epoch_step": 0, "_timestamp": 1723387707.7857718, "_runtime": 136.1642348766327, "_step": 1990, "test_mean": 80.45685279187816, "val_mean": 80.08088235294117, "train_mean": 100.0, "test_acc_std": 1.2436030238876252, "_wandb": {"runtime": 130}}