{"loss": 0.045269522815942764, "forward_nfe": 14292, "backward_nfe": 0, "train_acc": 1.0, "val_acc": 0.7492647058823529, "test_acc": 0.7401015228426396, "epoch_step": 0, "_timestamp": 1723402359.0104403, "_runtime": 714.8660163879395, "_step": 1990, "test_mean": 80.62944162436546, "val_mean": 81.88235294117645, "train_mean": 99.42857142857143, "test_acc_std": 0.8282671291115173, "_wandb": {"runtime": 709}}