{"loss": 0.03443217650055885, "forward_nfe": 11116, "backward_nfe": 0, "train_acc": 1.0, "val_acc": 0.7955882352941176, "test_acc": 0.8050761421319796, "epoch_step": 0, "_timestamp": 1723391222.5191875, "_runtime": 353.10870242118835, "_step": 1990, "test_mean": 81.51269035532994, "val_mean": 82.1985294117647, "train_mean": 99.57142857142858, "test_acc_std": 1.1125439897805571, "_wandb": {"runtime": 348}}