{"loss": 0.0587664395570755, "forward_nfe": 2382, "backward_nfe": 0, "train_acc": 1.0, "val_acc": 0.7911764705882353, "test_acc": 0.7888324873096447, "epoch_step": 0, "_timestamp": 1723389033.9128218, "_runtime": 135.06376576423645, "_step": 1990, "test_mean": 80.69035532994924, "val_mean": 81.88235294117646, "train_mean": 99.78571428571428, "test_acc_std": 0.8430675935848434, "_wandb": {"runtime": 129}}