{"loss": 0.025268469005823135, "forward_nfe": 2382, "backward_nfe": 0, "train_acc": 1.0, "val_acc": 0.825735294117647, "test_acc": 0.817258883248731, "epoch_step": 0, "_timestamp": 1723387566.249378, "_runtime": 104.35161185264587, "_step": 1990, "test_mean": 81.03553299492387, "val_mean": 81.71323529411765, "train_mean": 100.0, "test_acc_std": 1.2678573210760753, "_wandb": {"runtime": 98}}