{"loss": 0.051890064030885696, "forward_nfe": 23820, "backward_nfe": 0, "train_acc": 1.0, "val_acc": 0.7933823529411764, "test_acc": 0.7959390862944162, "epoch_step": 0, "_timestamp": 1723396443.783611, "_runtime": 1625.777922153473, "_step": 1990, "test_mean": 79.78680203045685, "val_mean": 80.12499999999999, "train_mean": 100.0, "test_acc_std": 1.4903124518375819, "_wandb": {"runtime": 1619}}