{"loss": 0.19856251776218414, "forward_nfe": 3970, "backward_nfe": 0, "train_acc": 0.9785714285714285, "val_acc": 0.7786764705882353, "test_acc": 0.8071065989847716, "epoch_step": 0, "_timestamp": 1723360872.0488646, "_runtime": 81.5893657207489, "_step": 1990, "test_mean": 79.38071065989848, "val_mean": 79.82352941176471, "train_mean": 95.85714285714285, "test_acc_std": 2.8099828299015956, "_wandb": {"runtime": 76}}