{"loss": 0.02839418686926365, "forward_nfe": 5161, "backward_nfe": 0, "train_acc": 1.0, "val_acc": 0.7661764705882353, "test_acc": 0.7878172588832487, "epoch_step": 0, "_timestamp": 1723384919.1678214, "_runtime": 104.46391439437866, "_step": 1990, "test_mean": 80.86294416243656, "val_mean": 81.81617647058826, "train_mean": 100.0, "test_acc_std": 1.4430892678759961, "_wandb": {"runtime": 98}}