{"loss": 0.03819718956947327, "forward_nfe": 2382, "backward_nfe": 0, "train_acc": 1.0, "val_acc": 0.7904411764705882, "test_acc": 0.8182741116751269, "epoch_step": 0, "_timestamp": 1723397096.6252856, "_runtime": 133.2379105091095, "_step": 1990, "test_mean": 81.19796954314721, "val_mean": 81.30882352941178, "train_mean": 99.85714285714286, "test_acc_std": 2.140086111349935, "_wandb": {"runtime": 126}}