{"loss": 0.0228476170450449, "forward_nfe": 11116, "backward_nfe": 0, "train_acc": 0.9857142857142858, "val_acc": 0.7022058823529411, "test_acc": 0.7096446700507614, "epoch_step": 0, "_timestamp": 1723393587.1122556, "_runtime": 337.49168062210083, "_step": 1990, "test_mean": 80.49746192893402, "val_mean": 81.9705882352941, "train_mean": 99.42857142857143, "test_acc_std": 1.6252852725811517, "_wandb": {"runtime": 331}}