{"loss": 0.3587799668312073, "forward_nfe": 15880, "backward_nfe": 0, "train_acc": 0.9714285714285714, "val_acc": 0.8, "test_acc": 0.7979695431472081, "epoch_step": 0, "_timestamp": 1723361082.9915533, "_runtime": 214.78291940689087, "_step": 1990, "test_mean": 77.96954314720811, "val_mean": 79.02941176470588, "train_mean": 95.42857142857143, "test_acc_std": 1.7502019849348196, "_wandb": {"runtime": 208}}