{"loss": 0.11081480234861374, "forward_nfe": 22232, "backward_nfe": 0, "train_acc": 1.0, "val_acc": 0.8036764705882353, "test_acc": 0.8121827411167513, "epoch_step": 0, "_timestamp": 1723391545.0022256, "_runtime": 504.0237307548523, "_step": 1990, "test_mean": 80.11167512690355, "val_mean": 80.45588235294116, "train_mean": 99.71428571428571, "test_acc_std": 2.2607703290842807, "_wandb": {"runtime": 497}}