{"loss": 0.5354121327400208, "forward_nfe": 2382, "backward_nfe": 0, "train_acc": 0.8428571428571429, "val_acc": 0.6066176470588235, "test_acc": 0.5604060913705584, "epoch_step": 0, "_timestamp": 1723400060.8272045, "_runtime": 172.88940358161926, "_step": 1990, "test_mean": 79.06598984771573, "val_mean": 79.54411764705883, "train_mean": 99.14285714285714, "test_acc_std": 1.7781284636695562, "_wandb": {"runtime": 166}}