{"loss": 0.052337899804115295, "forward_nfe": 1985, "backward_nfe": 0, "train_acc": 0.9857142857142858, "val_acc": 0.5860294117647059, "test_acc": 0.6050761421319797, "epoch_step": 0, "_timestamp": 1723388873.8718526, "_runtime": 157.38095355033875, "_step": 1990, "test_mean": 79.16751269035534, "val_mean": 80.12499999999999, "train_mean": 98.71428571428572, "test_acc_std": 2.302487935783063, "_wandb": {"runtime": 150}}