{"loss": 0.04554875195026398, "forward_nfe": 1985, "backward_nfe": 0, "train_acc": 1.0, "val_acc": 0.7727941176470589, "test_acc": 0.7746192893401015, "epoch_step": 0, "_timestamp": 1723387580.7764592, "_runtime": 109.65163612365723, "_step": 1990, "test_mean": 79.41116751269035, "val_mean": 80.11764705882352, "train_mean": 99.57142857142858, "test_acc_std": 1.3739758108196685, "_wandb": {"runtime": 103}}