{"loss": 2.38418573772492e-09, "forward_nfe": 22232, "backward_nfe": 0, "train_acc": 1.0, "val_acc": 0.64, "test_acc": 0.6024096385542169, "epoch_step": 0, "_timestamp": 1723398951.679456, "_runtime": 546.3456790447235, "_step": 1990, "test_mean": 71.0843373493976, "val_mean": 82.40000000000002, "train_mean": 96.4, "test_acc_std": 2.6940578042166163, "_wandb": {"runtime": 540}}