{"loss": 0.03021678887307644, "forward_nfe": 36524, "backward_nfe": 0, "train_acc": 1.0, "val_acc": 0.7720588235294118, "test_acc": 0.7746192893401015, "epoch_step": 0, "_timestamp": 1723402354.0130284, "_runtime": 959.9955933094025, "_step": 1990, "test_mean": 80.04060913705582, "val_mean": 80.86764705882352, "train_mean": 100.0, "test_acc_std": 1.5059639911300418, "_wandb": {"runtime": 953}}