{"loss": 0.04462980106472969, "forward_nfe": 5161, "backward_nfe": 0, "train_acc": 1.0, "val_acc": 0.8007352941176471, "test_acc": 0.7725888324873097, "epoch_step": 0, "_timestamp": 1723385764.3216882, "_runtime": 99.81097626686096, "_step": 1990, "test_mean": 78.91370558375635, "val_mean": 80.33823529411764, "train_mean": 100.0, "test_acc_std": 2.3500071133863805, "_wandb": {"runtime": 93}}