{"loss": 0.10767482966184616, "forward_nfe": 2382, "backward_nfe": 0, "train_acc": 0.9714285714285714, "val_acc": 0.6669117647058823, "test_acc": 0.7147208121827411, "epoch_step": 0, "_timestamp": 1723399401.7380638, "_runtime": 201.51892971992493, "_step": 1990, "test_mean": 80.71065989847716, "val_mean": 81.11764705882352, "train_mean": 98.92857142857142, "test_acc_std": 1.3275834345809152, "_wandb": {"runtime": 196}}