{"loss": 0.0530301071703434, "forward_nfe": 12704, "backward_nfe": 0, "train_acc": 1.0, "val_acc": 0.7808823529411765, "test_acc": 0.7725888324873097, "epoch_step": 0, "_timestamp": 1723397791.5769012, "_runtime": 516.5949831008911, "_step": 1990, "test_mean": 81.61421319796955, "val_mean": 82.0514705882353, "train_mean": 99.92857142857143, "test_acc_std": 1.3669439084861563, "_wandb": {"runtime": 510}}