{"loss": 1.5080132484436035, "forward_nfe": 5161, "backward_nfe": 0, "train_acc": 0.44, "val_acc": 0.66, "test_acc": 0.5301204819277109, "epoch_step": 0, "_timestamp": 1723401288.4884608, "_runtime": 651.9835057258606, "_step": 1990, "test_mean": 60.0, "val_mean": 78.8, "train_mean": 45.00000000000001, "test_acc_std": 4.843313552347416, "_wandb": {"runtime": 645}}