{"loss": 0.1524144560098648, "forward_nfe": 3176, "backward_nfe": 0, "train_acc": 0.9642857142857143, "val_acc": 0.5852941176470589, "test_acc": 0.6182741116751269, "epoch_step": 0, "_timestamp": 1723399919.7562833, "_runtime": 262.74066734313965, "_step": 1990, "test_mean": 79.71573604060914, "val_mean": 79.71323529411765, "train_mean": 98.57142857142858, "test_acc_std": 1.737672519418042, "_wandb": {"runtime": 256}}