{"loss": 0.15051348507404327, "forward_nfe": 2382, "backward_nfe": 0, "train_acc": 0.9714285714285714, "val_acc": 0.7426470588235294, "test_acc": 0.7543147208121828, "epoch_step": 0, "_timestamp": 1723390843.2541606, "_runtime": 116.60832357406616, "_step": 1990, "test_mean": 81.06598984771573, "val_mean": 82.26470588235294, "train_mean": 99.21428571428571, "test_acc_std": 0.8484904815594665, "_wandb": {"runtime": 110}}