{"loss": 0.17068618535995483, "forward_nfe": 17468, "backward_nfe": 0, "train_acc": 0.9571428571428572, "val_acc": 0.6375, "test_acc": 0.6538071065989848, "epoch_step": 0, "_timestamp": 1723397800.7761292, "_runtime": 601.1022312641144, "_step": 1990, "test_mean": 80.67005076142131, "val_mean": 81.07352941176471, "train_mean": 98.85714285714286, "test_acc_std": 1.6383912233396323, "_wandb": {"runtime": 595}}