{"loss": 0.025886891409754753, "forward_nfe": 2382, "backward_nfe": 0, "train_acc": 1.0, "val_acc": 0.7602941176470588, "test_acc": 0.7695431472081218, "epoch_step": 0, "_timestamp": 1723390532.9072304, "_runtime": 188.84548926353455, "_step": 1990, "test_mean": 81.7766497461929, "val_mean": 82.0514705882353, "train_mean": 98.92857142857142, "test_acc_std": 1.2493911011493222, "_wandb": {"runtime": 182}}