{"loss": 0.19381406903266907, "forward_nfe": 1704, "backward_nfe": 0, "train_acc": 0.9285714285714286, "val_acc": 0.5823529411764706, "test_acc": 0.5878172588832488, "epoch_step": 0, "_timestamp": 1723399163.9846723, "_runtime": 288.54853534698486, "_step": 1897}