{"loss": 0.8142716884613037, "forward_nfe": 3176, "backward_nfe": 0, "train_acc": 0.6428571428571429, "val_acc": 0.4227941176470588, "test_acc": 0.42842639593908627, "epoch_step": 0, "_timestamp": 1723399177.525298, "_runtime": 302.08916115760803, "_step": 1990, "test_mean": 79.54314720812181, "val_mean": 80.1029411764706, "train_mean": 97.07142857142856, "test_acc_std": 1.445943340909656, "_wandb": {"runtime": 295}}